lemma,ipa,POS,english,italian,byakuzhi,askaoza,notes,example
hatta,hatta,: num =,a,uno,,,,
takas yaki,tagas jaki,: adv =,a little at a time,un po' alla volta,,,,
takas yaki,tagas jaki,: adv =,a little at a time,un po' alla volta,,,,
nui yaki,nui jaki,: adv =,a little more,ancora un po',,,,
estesu,estesu,: v =,abandon,abbandonare,,,,
tsion,ʦion,: adv =,about,circa,,,,
uino,uino,: n =,above,sopra,,,,
nyuāna,nujaːhana,: adj =,"abundant, rich","abbondante, ricco",,,,
pakohante,pakohante,: adv =,accidentally,accidentalmente,,,,
ikurausu,ikurausu,: v =,accumulate,accumularsi,,,,
nokotottuttu,nokotottuttu,: adj =,accustomed to seeing,abituato a vedere,,,,
haiyau,haijau,: n =,actor,attore,,,,
toderi,toderi,: adv =,actually,in realtà,,,,
nowelsu,nowelsu,: v =,admit,ammettere,,,,
otami,otami,: n =,adult,adulto,,,,
suri,suri,: adv =,after (chronological),dopo (cronologico),,,,
chokoe,ʧokoe,: n =,afternoon,pomeriggio,,,,
seta,seta,: adv =,again,"ancora, nuovamente",,,,
shinai,ʃinai,: n =,air,aria,,,,
ikona,ikona,: adj =,everything,tutto,,,,
haikis,haikis,: adv =,almost,quasi,,,,
hananena,hananena,: adj =,"alone, solitary","solo, solitario",,,,
sakki,sakki,: adv =,already,già,,,,
ri,ri,: conj =,also (suffix),anche (suffisso),,,,
jomatta,jomatta,: n =,altar,altare,,,,
estinden,estinden,: adv =,always,sempre,,,,
tsahena,ʦahena,: adj =,ancient,antico,,,,
ta,ta,: conj =,and (conj.),e,,,,
tomesu,tomesu,: v =,answer,rispondere,,,,
tome,tome,: n =,answer,risposta,,,,
nashitsas,naʃiʦas,: pron =,anything,qualsiasi cosa,,,,
kamihen,kamihen,: adv =,anywhere,da nessuna parte,,,,
kubesu,kubesu,: v =,apologize,scusarsi,,,,
sugua,sugua,: n =,apple,mela,,,,
sanka,sanka,: n =,area,zona,,,,
sakaso,sakaso,: n =,arm,braccio,,,,
anaka,anaka,: n =,arrow,freccia,,,,
karchofu,karʧofu,: n =,artichoke,carciofo,,,,
soi,soi,: conj =,as,come,,,,
soiha,soiha,: conj =,as if,come se,,,,
hishu,hiʃu,: adv =,as it is (after participle),così com è (dopo participio),,,,
tuse,tuse,: conj =,as much as,tanto quanto,,,,
kyeresu,kjeresu,: v =,ask,chiedere,,,,
asparaga,asparaga,: n =,asparagus,asparago,,,,
estintsas,estinʦas,: adv =,at any time,in qualsiasi momento,,,,
estinki,estinki,: adv =,at some point,in qualche momento,,,,
Atina,Atina,: n =,Athens,Atene,,,,
Ōkkulendi,oːkkulendi,: n =,Auckland,Auckland,,,,
hankuri,hankuri,: n =,aurora,aurora,,,,
jaon,jaon,: n =,avenue (from north to south),viale (da nord a sud),,,,
lan,lan,: n =,avenue (from west to east),viale (da ovest a est),,,,
tue,tue,: adv =,away,via,,,,
taku,taku,: n =,back (body part),schiena,,,,
natoko,natoko,: n =,Backpack,zaino,,,,
odas,odas,: adv =,backwards,indietro,,,,
zushina,zuʃina,: adj =,bad,cattivo,,,,
kizu,kizu,: n =,"bad, it doesn't go well","male, non va",,,,
samuna,samuna,: n =,badger,tasso,,,,
mori,mori,: n =,bamboo,bambù,,,,
fuwaða,fuːwaʤa,: n =,banana,banana,,,,
hatakooro,hatakooro,: n =,barefoot,a piedi nudi,,,,
sano,sano,: n =,base,base,,,,
jibetaina,ʤibetaina,: n =,bathroom (room),bagno (stanza),,,,
sahna,sahna,: n =,bay,baia,,,,
maba,maba,: n =,beach,spiaggia,,,,
nate,nate,: n =,bean,fagiolo,,,,
usumu,usumu,: n =,bear,orso,,,,
gigiwa,gigiwa,: n =,beat,battito,,,,
enoː,enoː,: n =,Bed,letto,,,,
tendattan,tendattan,: n =,beetle,coleottero,,,,
odae,odae,: n =,behind,dietro,,,,
hĪji,hiːʤi,: n =,belt,cintura,,,,
hyonto,hjonto,: n =,bench,panchina,,,,
aki,aki,: adv =,between,tra/fra,,,,
suma,suma,: adv =,beyond,oltre a,,,,
inore,inore,: n =,"beyond, on the other side","oltre, dall'altra parte",,,,
ōdana,oːdana,: adj =,big,grande,,,,
kwikei,kwikei,: n =,bill,conto,,,,
kirwasu,kirwasu,: v =,bind,legare,,,,
fuwo,fuwo,: n =,bird,uccello,,,,
rokoi,rokoi,: n =,black,nero,,,,
kukutaː,kukutaː,: n =,black sugar,zucchero nero,黑糖,,,
yui,jui,: n =,blade,lama,,,,
fere,fere,: n =,blood,sangue,,,,
satsoa,saʦoa,: n =,blue,blu,,,,
kanli,kanli,: n =,boat,barca,,,,
kino,kino,: n =,book,libro,,,,
purteina,purteina,: adj =,boring,noioso,,,,
funtwasu,funtwasu,: v =,borrow,prendere in prestito,,,,
kinna,kinna,: n =,bottle,bottiglia,,,,
soki,soki,: n =,bottom,fondo,,,,
poniukatamu,poniukatamu,: n =,bracelet,braccialetto,,,,
orjua,orjua,: n =,brain,cervello,,,,
nakke,nakke,: n =,bread,pane,,,,
allaimana,allaimana,: n =,breakfast,colazione,,,,
hanki,hanki,: n =,breath,respiro,,,,
ikkae,ikkae,: n =,breeze,brezza,,,,
totsu,toʦu,: n =,bridge,ponte,,,,
shikoi,ʃikoi,: n =,brings,porta,,,,
dukaro,dukaro,: n =,broccoli,broccolo,,,,
ʤunna,ʤunna,: n =,broom,scopa,,,,
saise,saise,: n =,broth,brodo,,,,
panoi,panoi,: n =,brother/sister,fratello/sorella,,,,
touso,touso,: n =,brown,marrone,,,,
mupashi,mupaʃi,: n =,bucket,secchio,,,,
sharumuira,ʃarumuira,: n =,buckle,fibbia,,,,
rakes,rakes,: n =,building,edificio,,,,
hunulsu,hunulsu,: v =,burn,bruciare,,,,
baki,baki,: conj =,but,ma,,,,
hadaro,hadaro,: n =,butter,burro,,,,
eida,eida,: n =,butterfly,farfalla,,,,
toki,toki,: n =,by,da parte,,,,
ori,ori,: n =,cage,gabbia,,,,
sanki,sanki,: n =,cake,torta,,,,
hinastana,hinastana,: adj =,Calm,tranquillo,,,,
keltari,keltari,: n =,camellia,camelia,,,,
shashinki,ʃaʃinki,: n =,camera,macchina fotografica,,,,
hari,hari,: n =,camphor,canfora,,,,
kaisu,kaisu,: v =,cancel,cancellare,,,,
tansuikwamus,tansuikwamus,: n =,carbohydrates,carboidrati,,,,
sakante,sakante,: adv =,carefully,accuratamente,,,,
rohtapa,rohtapa,: n =,carrot,carota,,,,
shero,ʃero,: n =,castle,castello,,,,
shinna,ʃinna,: n =,cat,gatto,,,,
jennin,jennin,: n =,cause,causa,,,,
ibu,ibu,: n =,center,centro,,,,
tankena,tankena,: adj =,Certain,certo,,,,
koiba,koiba,: n =,chair,sedia,,,,
tsumoki,ʦumoki,: n =,chameleon,camaleonte,,,,
toibisu,toibisu,: v =,check,controllare,,,,
sohai,sohai,: n =,cheek,guancia,,,,
shinatsa,ʃinaʦa,: n =,cherry,ciliegia,,,,
sakon,sakon,: n =,chest,petto,,,,
kiro,kiro,: n =,chestnut,castagno,,,,
Shikego,ʃikego,: n =,Chicago,Chicago,,,,
tasuta,tasuta,: n =,chicken,pollo,,,,
mitoko,mitoko,: n =,child,bambino,,,,
iwon,iwon,: n =,chin,mento,,,,
ebesu,ebesu,: v =,choose,scegliere,,,,
shogos,ʃogos,: n =,chrysanthemum,crisantemo,,,,
nāsoi,naːsoi,: n =,circle,cerchio,,,,
toka,toka,: n =,city,città,,,,
reiluna,reiluna,: adj =,clean,pulito,,,,
ettana,ettana,: adj =,clear,chiaro,,,,
kiri,kiri,: n =,cliff,scogliera,,,,
kinnotaka,kinnotaka,: n =,clock,orologio,,,,
tanayari,tanajari,: n =,closure,chiusura,,,,
noippa,noippa,: n =,cloud,nuvola,,,,
parani,parani,: n =,cloud,nuvola,,,,
tararana,tararana,: adj =,coarse,ruvido,,,,
nihki,nihki,: n =,coast,costa,,,,
kāfi,ka:fi,: n =,coffee,caffè,,,,
gaire,gaire,: n =,cold,raffreddore,,,,
dinga,dinga,: n =,cold water,acqua fredda,,,,
ahiro,ahiro,: n =,color,colore,,,,
riihihanga,riihihanga,: n =,comet star,stella cometa,,,,
akinae,akinae,: adv =,coming soon,a breve,,,,
zhōnshiki,ʒoːnʃiki,: n =,common sense,senso comune,,,,
werasu,werasu,: v =,compare,comparare,,,,
fukutsassyasu,fukuʦa:ssjasu,: adj =,complicated,complicato,,,,
dyensanki,djensanki,: n =,computer,computer,,,,
sūcchu,sūʧʧu,: n =,concentration,concentrazione,,,,
tawara,tawara,: n =,confine,confine,,,,
hagapuha,hagapuha,: n =,connection (transport),connection (transport),,,,
minse,minse,: adv =,constantly,costantemente,,,,
poyohausu,pojohausu,: v =,continue (intr),continuare (intr),,,,
poyohasu,pojohasu,: v =,continue (tr),continuare (tr),,,,
binnu,binnu,: n =,cormorant,cormorano,,,,
wiikena,wi:kena,: adj =,"correct, right","corretto, giusto",,,,
shumuna,ʃumuna,: adj =,costly,costoso,,,,
hāsuko,haːsuko,: n =,cotton,cotone,,,,
rihmi,rihmi,: n =,county,contea,,,,
neso,neso,: n =,cover,coperchio,,,,
hiinuwa,hiinuwa,: n =,cow,mucca,,,,
ārikko,aːrikko,: n =,crane,gru,,,,
rogyensu,rogjensu,: v =,cross,attraversare,,,,
raugan,raugan,: n =,crow,corvo,,,,
igari,igari,: n =,crowd,folla,,,,
gewairi,gewairi,: n =,crying,pianto,,,,
munkan,munkan,: n =,curfew,coprifuoco,,,,
yupara,jupara,: n =,cushion,cuscino,,,,
tsūmuna,ʦuːmuna,: adj =,dark,scuro,,,,
fuskuna,fuskuna,: adj =,dark,scuro,,,,
juskae,ʤuskae,: n =,Daughter,figlia,,,,
kato,kato,: n =,day,giorno,,,,
nukore,nukore,: n =,death,morte,,,,
warisu,warisu,: v =,decide,decidere,,,,
warokana,warokana,: adj =,deep,profondo,,,,
tottanhei,tottanhei,: n =,deer,cervo,,,,
narugesu,narugesu,: v =,delay,ritardare,,,,
haikuna,haikuna,: adj =,delightful,delizioso,,,,
teitosu,teitosu,: v =,deliver,consegnare,,,,
fufun,fufun,: n =,delta (river),delta (fiume),,,,
gimurana,gimurana,: adj =,dense/thick,denso/folto,,,,
tearesu,tearesu,: v =,DESCEND,scendere,,,,
[hyp. base]+pusu,[hyp. base]+pusu,: conj =,Despite,nonostante,,,,
ikeatu,ikeatu,: n =,destination,destinazione,,,,
rumahtusu,rumahtusu,: v =,destroy,distruggere,,,,
minbarunka,minbarunka,: n =,deviation,deviazione,,,,
bankana,bankana,: adv =,different,diverso,,,,
asatsana,asaʦana,: adj =,difficult,difficile,,,,
seikamana,seikamana,: n =,dinner,cena,,,,
yori,jori,: n =,direction,direzione,,,,
sunto,sunto,: n =,direction,direzione,,,,
mustedana,mustedana,: adj =,dirty,sporco,,,,
kaozasu,kaozasu,: v =,disappear,sparire,,,,
fudoa,fudoa,: n =,dish,piatto,,,,
noteka,noteka,: n =,dispay window,vetrina,,,,
nantana,nantana,: adj =,distant,lontano,,,,
rul,rul,: n =,docking,attracco,,,,
wizha,wizha,: n =,doctor,medico,,,,
tento,tento,: n =,dog,cane,,,,
otaho,otaho,: n =,dolphin,delfino,,,,
shikoi,ʃikoi,: n =,door,porta,,,,
wamiro,wamiro,: n =,dormouse,ghiro,,,,
kahlu,kahli,: n =,doubt,dubbio,,,,
kahlesu,kahlesu,: v =,doubt,dubitare,,,,
myūha,mjuːha,: n =,dream,sogno,,,,
chune,ʧune,: n =,dress,vestito,,,,
urugusu,urugusu,: v =,drown,affogare,,,,
tobe,tobe,: n =,duck,anatra,,,,
kelokeri,kelokeri,: n =,dusk,crepuscolo,,,,
yeparisu,yeparisu,: v =,dye,tingere,,,,
ikoiko,ikoiko,: n =,each,ciascuno,,,,
itso-,itso-,: pref  =,"each other, reciprocally","a vicenda, reciprocamente",,,,
hamuda,hamuda,: n =,eagle,aquila,,,,
tappi,tappi,: n =,ear,orecchio,,,,
deda,deda,: n =,Earth,terra,,,,
issana,issana,: adj =,easy,facile,,,,
kandannyasu,kandannjasu,: adj =,easy,facile,,,,
nakaku,nakaku,: n =,ebony,ebano,,,,
isana,isana,: adj =,economic,economico,,,,
sokki,sokki,: n =,edge,bordo,,,,
kasoi,kasoi,: n =,egg,uovo,,,,
yeison,jeison,: num =,eight,otto,,,,
deri,deri,: n =,elbow,gomito,,,,
hizhōnku,hiʒoːku,: n =,Emergency Exit,uscita di emergenza,,,,
shawin,ʃawin,: n =,employee,impiegato,,,,
shaikona,ʃaikona,: adj =,empty,vuoto,,,,
sayesu,sajesu,: v =,encounter,incontrare,,,,
sepu,sepu,: n =,end,fine,,,,
tarpesu,tarpesu,: v =,enough,sufficere,,,,
arko,arko,: n =,era,epoca,,,,
tulelsu,tulelsu,: v =,escape,scappare,,,,
tule,tule,: n =,escape,fuga,,,,
tsashi,tsaʧiː,: conj =,etc.,eccetera,,,,
zai,zai,: conj =,even,persino,,,,
yomori,jomori,: adv =,even if (hypothetical),anche se (ipotetico),,,,
hireike,hireike,: conj =,even though,sebbene,,,,
seika,seika,: n =,evening,sera,,,,
yuena,juena,: adj =,"every, each",ogni,,,,
ikki,ikki,: n =,everyone,tutti,,,,
ikose,ikose,: n =,"everything, totality","tutto, totalità",,,,
kamitsas,kamiʦas,: adv =,everywhere,ovunque,,,,
otenkuna,otenkuna,: adj =,expert,esperto,,,,
korigonana,korigonana,: adj =,extraordinary,straordinario,,,,
tanbo,tanbo,: n =,eye,occhio,,,,
jinwa,ʤinwa,: n =,eyebrows,sopracciglia,,,,
tanborigo,tanborigo,: n =,eyeglasses,occhiali,,,,
ahajinwa,ahaʤinwa,: n =,eyelash,ciglia,,,,
yuntsuke,junʦuke,: n =,face,faccia,,,,
mintona,mintona,: adj =,faint,flebile,,,,
kuribena,kuribena,: adj =,fake,finto,,,,
taeka,taeka,: n =,fall,autunno,,,,
jakuna,ʤakuna,: adj =,fast,veloce,,,,
hipān,chipaːn,: n =,fat (nutrition),grasso (nutriz.),,,,
baha,baha,: n =,father,padre,,,,
upe,upe,: n =,fear,paura,,,,
saki,saki,: n =,feather,piuma,,,,
totsus,toʦus,: n =,fennel,finocchio,,,,
shoikes,ʃoikes,: n =,fern,felce,,,,
najue,najue,: n =,field,campo,,,,
geihi,geihi,: n =,finger,dito,,,,
hunui,hunui,: n =,fire,fuoco,,,,
nokkanki,nokkanki,: adv =,firmly,fermamente,,,,
ira,ira,: adv =,first,first,,,,
heki,heki,: adv =,first (chronological),prima (cronologico),,,,
miweː,miweː,: n =,fish,pesce,,,,
oriba,oriba,: num =,five,cinque,,,,
okkalehi,okkalehi,: n =,flamingo,fenicottero,,,,
hake,hake,: n =,flank,fianco,,,,
chiðona,ʧiʣona,: adj =,flat,piatto,,,,
jodo,jodo,: n =,flavor,flavor,,,,
tahpe,tahpe,: n =,flooring,pavimento,,,,
nessana,nessana,: n =,Flour,farina,,,,
hinnan,hinnan,: n =,flower,fiore,,,,
Moskuwa,Moskuwa,: n =,Fly,Mosca,,,,
arasa,arasa,: n =,fog,nebbia,,,,
oroo,oroo,: n =,foot,piede,,,,
odaka,odaka,: n =,footprint,orma,,,,
tsuunko,tsuunko,: adv =,"for nothing, uselessly","per niente, inutilmente",,,,
pones,pones,: n =,Force,forza,,,,
sune,sune,: n =,ford,guado,,,,
mikata,mikata,: n =,forehead,fronte,,,,
tsawa,ʦawa,: n =,forest,foresta,,,,
ikwiste,ikwiste,: adv =,forever,per sempre,,,,
yokoku,jokoku,: n =,forewarning,preavviso,,,,
yunohasu,junohasu,: v =,forget,dimenticare,,,,
sakose,sakose,: n =,form,forma,,,,
tate,tate,: n =,fortress,fortezza,,,,
atae,atae,: n =,forward (space),avanti (spazio),,,,
kata,kata,: n =,fountain,fontana,,,,
kusawagi,kusawagi,: n =,fountain,fontana,,,,
taːs,taːs,: num =,four,quattro,,,,
illena,illena,: n =,fox,volpe,,,,
afuana,afuana,: n =,fragile,fragile,,,,
hapen,hapen,: n =,fragment,frammento,,,,
Furankufurti,Furankufurti,: n =,Frankfurt,Francoforte,,,,
niroena,niroena,: adj =,Freddo,freddo,,,,
jikannona,ʤikannona,: adj =,frequent,frequente,,,,
kishena,kishena,: adj =,fresh,fresco,,,,
taikao,taikao,: n =,Friend,amico,,,,
dōnpan,doːnpan,: n =,frost,gelo,,,,
teittan,teittan,: n =,fulcrum,fulcro,,,,
doke,doke,: adj =,"full, full","colmo, pieno",,,,
sosakina,sosakina,: adj =,fun,divertente,,,,
hingao,hingao,: n =,fungus,fungo,,,,
tatāha,tataːha,: conj =,Furthermore,inoltre,,,,
twaisa,twaisa,: n =,future,futuro,,,,
appi,appi,: n =,game,gioco,,,,
kunsa,kunsa,: n =,garlic,aglio,,,,
mua,mua,: n =,gate,cancello,,,,
tswanka,tswanka,: n =,gem,gemma,,,,
ispancheke yasu,ispanʧeke jasu,: adj =,general,generale,,,,
wāri,waːri,: n =,gesture,gesto,,,,
haikaneusu,haikaneusu,: v =,get closer,avvicinarsi,,,,
tottusu,tottusu,: v =,get used to it,abituarsi,,,,
kappare,kappare,: n =,gift,regalo,,,,
tassuo,tassuo,: n =,glass,bicchiere,,,,
lais,lais,: n =,glass,vetro,,,,
gamokoibo,gamokoibo,: n =,glove,guanto,,,,
raisasu,raisasu,: v =,go out,uscire,,,,
kina,kina,: n =,gold,oro,,,,
tepana,tepana,: adj =,Good,buono,,,,
teribona,teribona,: adj =,good at doing something.,bravo a fare qlc.,,,,
miraki,miraki,: n =,green,verde,,,,
subaki,subaki,: n =,greeting,saluto,,,,
nuri,nuri,: n =,grotto,grotta,,,,
runekuida,runekuida,: v =,guide,guidare,,,,
bise(en),bise(en),: n =,hair,capelli,,,,
gamo,gamo,: n =,hand,mano,,,,
nahana,nahana,: adj =,Handsome,bello,,,,
surina,surina,: adj =,happy,felice,,,,
surin orjukato:,surin orjukato:,: int =,Happy birthday,Buon compleanno,,,,
gahrana,gahrana,: adj =,hard,duro,,,,
ere,ere,: pron =,he who,colui che,,,,
matsu,maʦu,: n =,head,testa,,,,
narusu,narusu,: v =,heal,guarire,,,,
reito,reito,: n =,Heart,cuore,,,,
tsuina,tsuina,: adj =,heat,caldo,,,,
dayana,dajana,: adj =,heavy,pesante,,,,
irono,irono,: n =,hibiscus,ibisco,,,,
rihana,rihana,: adj =,high,alto,,,,
koe,koe,: n =,hill,collinetta,,,,
oboe,oboe,: n =,hill,colle,,,,
hanno,hanno,: pron =,him,lui,,,,
yuteno,yuteno,: n =,history,storia,,,,
atabusu,atabusu,: v =,hit,picchiare,,,,
moji,moʤi,: n =,hole,buco,,,,
toebosu,toebosu,: v =,hope,sperare,,,,
suihjesen,suihjesen,: n =,horizon,orizzonte,,,,
nanboː,nanboː,: n =,hot air,aria calda,,,,
futaka,futaka,: n =,house,casa,,,,
tekkayase,tekkajase,: conj =,However,tuttavia,,,,
andasu,andasu,: v =,hug,abbracciare,,,,
dunagusu,dunagusu,: v =,hurry up,affrettarsi,,,,
suso,suso,: n =,hydrogen,idrogeno,,,,
naiga,naiga,: pron =,I (formal),io (formale),,,,
nai,nai,: pron =,I (informal),io (informale),,,,
yutso,juʦo,: n =,ice,ghiaccio,,,,
rikkutoo,rikkutoo,: n =,ice floe,banchisa,,,,
linpe,linpe,: n =,idea,idea,,,,
eke,eke,: conj =,if (raff.),se (raff.),,,,
nekin,nekin,: conj =,if and when,se e quando,,,,
gwazhoː,gwazhoː,: n =,image,immagine,,,,
juitte,ʤuitte,: n =,in,dentro,,,,
ezan,ezan,: adv =,in front of,di fronte,,,,
ataki,ataki,: n =,in front of,davanti,,,,
adae,adae,: n =,in front of,davanti a,,,,
sobi,sobi,: adv =,in that way,in quel modo,,,,
chobi,ʧobi,: adv =,in that way,in quel modo,,,,
onkeski,onkeski,: adv =,in the end,alla fine,,,,
ehamo,ehamo,: n =,"indistinct noise, rustling","rumore indistinto, fruscio",,,,
funryasu,funtjasu,: v =,inflate,gonfiare,,,,
naːs,naːs,: n =,insect,insetto,,,,
aukasna,aukasna,: adj =,intelligent,intelligente,,,,
chadori,ʧadori,: n =,invitation,invito,,,,
koːsai,koːsai,: n =,iris,iride,,,,
hama,hama,: n =,island,isola,,,,
hanolo,hanolo,: n =,ivy,edera,,,,
horomoi,horomoi,: n =,joy,gioia,,,,
ime,ime,: adv =,just,solo,,,,
muira,muira,: n =,key,chiave,,,,
yakashina,jakaʃina,: adj =,Kind,gentile,,,,
koːndas,koːndas,: n =,king,re,,,,
namoa,namoa,: n =,kiss,bacio,,,,
subuno,subuno,: n =,kiwi,kiwi,,,,
neheri,neheri,: n =,knee,ginocchio,,,,
mafu,mafu,: n =,Lady,signora,,,,
shakui,ʃakui,: n =,lake,lago,,,,
chakuryuku,ʧakurjuku,: n =,landing,atterraggio,,,,
kusube,kusube,: n =,larch,larice,,,,
indawose,indawose,: adv =,last year,l'anno scorso,,,,
naru,naru,: adv =,late,tardi,,,,
anuha,anuha,: adv =,lately,recentemente,,,,
hahanari,hahanari,: n =,laugh,risata,,,,
natsu,naʦu,: n =,lawn,prato,,,,
igerosu,igerosu,: v =,learn,imparare,,,,
yadasu,jadasu,: v =,leave,lasciare,,,,
semodo,semodo,: n =,left,sinistra,,,,
huinnon,huinnon,: n =,leg,gamba,,,,
seoma,seoma,: n =,lemon,limone,,,,
mare,mare,: n =,length,larghezza,,,,
rigo,rigo,: n =,lens,lente,,,,
tulensu,tulensu,: v =,let it slip away,lasciar scappare,,,,
ozaluha,ozaluha,: n =,letter,lettera,,,,
roomatoya,roomatoja,: n =,liar,bugiardo,,,,
rooma,rooma,: n =,lie,bugia,,,,
asahi,asahi,: n =,life,vita,,,,
nitsos,niʦos,: n =,light,luce,,,,
iruna,iruna,: adj =,light (weight),leggero,,,,
sasatsai,sasaʦai,: n =,lightning,fulmine,,,,
tobi,tobi,: adv =,Like this,così,,,,
sasumi,sasumi,: n =,lily,giglio,,,,
resso,resso,: n =,link,legame,,,,
danshe,danʃe,: n =,lip,labbra,,,,
garochina,gaoruʧina,: adj =,"lively, lively","animato, movimentato",,,,
katsepo,kaʦepo,: n =,liver,fegato,,,,
Londun,Londun,: n =,London,Londra,,,,
rekena,rekena,: adj =,long,lungo,,,,
Lozeinjeles,Lozeinʤeles,: n =,Los Angeles,Los Angeles,,,,
saison,saison,: n =,Love,amore,,,,
sosana,sosana,: adj =,low,basso,,,,
chokomana,ʧokomana,: n =,lunch,pranzo,,,,
takama,takama,: n =,machine,macchina,,,,
manloovi,manloovi,: n =,mangrove,mangrovia,,,,
tasun,tasun,: adv =,many,tanti,,,,
nadakari,nadakari,: adv =,many times,tante volte,,,,
hiiloke,hiiloke,: n =,maple,acero,,,,
tsakko,ʦakko,: n =,margherita pizza,margherita,,,,
keskon,keskon,: n =,marriage,matrimonio,,,,
seri odennenasu,seri odennenasu,: v =,"maybe, I think...","forse, mi sa...",,,,
pinohā,pinohaː,: n =,meal,pasto,,,,
kori,kori,: n =,meal,pasto,飯,,,
teryo,terjo,: n =,meat,carne,,,,
kaiwi,kaiwi,: n =,meeting,riunione,,,,
gunyun,gunjun,: n =,milk,latte,,,,
motoe,motoe,: n =,mirror,specchio,,,,
inzettu,inzettu,: adj =,misaligned,disallineato,,,,
seitsakku,seiʦakku,: n =,moment between the dawns of two suns,momento fra le albe di due soli,,,,
samuo,samuo,: n =,money,denaro,,,,
huka,huka,: n =,mongoose,mangusta,,,,
munuta,munuta,: n =,monkey,scimmia,,,,
meki,meki,: n =,month,mese,,,,
allaizhi,allaizhi,: n =,morning,mattina,,,,
iima,iːma,: n =,mother,madre,,,,
moha,moha,: n =,mother,madre,,,,
samo,samo,: n =,mountain,montagna,,,,
atsiri,atsiri,: n =,mouse,topo,,,,
niswae,niswae,: n =,mouth,bocca,,,,
ðikihasu,ʤikihasu,: v =,move,muovere,,,,
ðikihausu,ʤikihausu,: v =,move (intr),muoversi (intr),,,,
tana,tana,: n =,Mr,signor,,,,
tapuha,tapuha,: n =,mulberry,gelso,,,,
shintsa,ʃinʦa,: n =,nail,unghia,,,,
nainūku,nainuːku,: n =,nainuk (wolf-like animal),nainuk (animale simile a un lupo),,,,
hatakana,hatakana,: adj =,naked,nudo,,,,
nakori,nakori,: n =,name,nome,,,,
askashi,askaʃi,: n =,nation,nazione,,,,
haikana,haikana,: adj =,near,vicino,,,,
saisa,saisa,: n =,neck,collo,,,,
saisatamu,saisatamu,: n =,necklace,collana,,,,
tuite,tuite,: n =,"needle, lancet","ago, lancetta",,,,
etee(su),etee(su),: adv =,neither,nemmeno,,,,
hanki,hanki,: n =,nest,nido,,,,
estinhen,estinhen,: adv =,never,mai,,,,
muukin,muukin,: conj =,nevertheless,eppure,,,,
suyona,sujona,: adj =,new,nuovo,,,,
karana,karana,: adj =,next,next,,,,
karana,karana,: adj =,next,prossimo,,,,
sowose,sowose,: adv =,next year,l'anno prossimo,,,,
nansha,nanʃa,: n =,Night,notte,,,,
taguken,taguken,: num =,nine,nove,,,,
nagahen,nagahen,: pron =,Nobody,nessuno,,,,
souon,souon,: n =,noise,rumore,,,,
romo,romo,: n =,nose,naso,,,,
kuminona,kuminona,: adj =,nostalgic,nostalgico,,,,
eniin,eniin,: adv =,not anymore,non più,,,,
nashehen,naʃehen,: adv =,Nothing,niente,,,,
eno,eno,: n =,now,ora/adesso,,,,
nokada,nokada,: n =,number,numero,,,,
tasuna,tasuna,: adj =,numerous,numeroso,,,,
ekada,ekada,: n =,oak,quercia,,,,
shinuso,ʃinuso,: n =,oak,rovere,,,,
uzamusu,uzamusu,: v =,obey,obbedire,,,,
ilmena,ilmena,: adj =,obvious,ovvio,,,,
hoboi,hoboi,: n =,odor,odore,,,,
tsahena,ʦahena,: adj =,old,vecchio,,,,
nutari,nutari,: n =,olive,oliva,,,,
nulle,nulle,: n =,on me,addosso,,,,
sokko,sokko,: n =,contrary,contrario,,,,
tahhan,tahhan,: n =,onion,cipolla,,,,
riikke,ri:kke,: adv =,only,solo,,,,
shiote,ʃiote,: n =,"opposite, contrary","opposto, contrario",,,,
ko,ko,: conj =,or,o,,,,
konae,konae,: conj =,or,oppure,,,,
isaka,isaka,: n =,orange,arancio,,,,
tuhna,tuhna,: n =,orchid,orchidea,,,,
buneiho,buneiho,: n =,ostrich,struzzo,,,,
nazae,nazae,,other,altro,,,,
togu,togu,: n =,out,fuori,,,,
pailo,pailo,: n =,oven,forno,,,,
sanso,sanso,: n =,oxygen,ossigeno,,,,
sainagena,sainagena,: adj =,Pacific,pacifico,,,,
erko,erko,: n =,pain,dolore,,,,
nokuja,nokuja,: n =,"painting, picture","quadro, dipinto",,,,
habena,habena,: n =,palm,palma,,,,
kanmake,kanmake,: n =,palm of the hand,palmo della mano,,,,
kamonmakke,kamonmakke,: n =,palm of the hand,palmo della mano,,,,
luhanne,luhanne,: n =,paper,carta,,,,
washika,waʃika,: n =,parent,genitore,,,,
Pariː,Pariː,: n =,Paris,Parigi,,,,
kōwen,koːwen,: n =,park,parco,,,,
chushajān,ʧuːʃaʤaː,: n =,parking,parcheggio,,,,
uirape,uirape,: n =,party,festa,,,,
mennesu,mennesu,: n =,past,passato,,,,
baji,baʤi,: n =,paulownia,paulonia,,,,
istori,istori,: n =,payment,pagamento,,,,
saina,saina,: n =,peace,pace,,,,
mochana,moʧana,: n =,peach,pesca,,,,
yoshi,joʃi,: n =,peak,picco,,,,
shaki,ʃaki,: n =,pebble,sasso,,,,
senno,senno,: n =,pelican,pellicano,,,,
kijonho,kiʤonho,: n =,pelvis,bacino,,,,
chundzo,ʧunʣo,: n =,pepper,pepe,,,,
twoku,twoku,: n =,perfume,profumo,,,,
ajira,aʤira,: adv =,Perhaps,forse,,,,
joma,joma,: n =,persimmon,caco,,,,
tamato,tamato,: n =,person,persona,,,,
sonki,sonki,: n =,petal,petalo,,,,
shashin,ʃaʃin,: n =,photograph,fotografia,,,,
laasu,laasu,: n =,phrase,frase,,,,
fuhas,fuhas,: n =,pig,maiale,,,,
hītto,hi:tto,: n =,pigeon,piccione,,,,
karu,karu,: n =,pine,pino,,,,
tolo,tolo,: n =,place,posto,,,,
jotjoi,jotjoi,: n =,plan,programma,,,,
wani,wani,: n =,pond,stagno,,,,
emirako,emirako,: n =,pool,piscina,,,,
sāreo,saːreo,: n =,port,porto,,,,
wataba,wataba,: n =,potato,patata,,,,
pastyensho,pastjenʃo,: n =,power plant,centrale elettrica,,,,
Puraha,Puraha,: n =,Prague,Praga,,,,
tsuki,ʦuki,: n =,prairie,prateria,,,,
dahkei,dahkei,: n =,precipice,precipizio,,,,
mijano,mijano,: n =,precipice,precipizio,,,,
kaida,kai,: n =,price,prezzo,,,,
euna,euna,: n =,pride,orgoglio,,,,
jakusoku,jakusoku,: n =,promise,promessa,,,,
ul,ul,: n =,promontory,promontorio,,,,
tanpakushis,tanpakuʃis,: n =,protein,proteina,,,,
shuspan,ʃuspan,: n =,publication,pubblicazione,,,,
mōs,moos,: adv =,"pure, also","pure, anche",,,,
lātsu,la:ʦu,: n =,quality,qualtà,,,,
dunese,dunese,: adv =,quickly,in fretta,,,,
rekki,rekki,: n =,quill,penna,,,,
jikkosu,ʤikkosu,: v =,quit,smettere,,,,
rikkihan,rikkihan,: n =,rabbit,coniglio,,,,
funsa,funsa,: n =,rain,pioggia,,,,
ahirosuo,ahirosuo,: n =,rainbow,arcobaleno,,,,
samauna,samauna,: adj =,rare,raro,,,,
idalligusu,idalligusu,: v =,reach,raggiungere,,,,
dokusho,dokuʃo,: n =,reading,lettura,,,,
machike,maʧike,: adv =,Really,davvero,,,,
igari,igari,: n =,reason,motivo,,,,
tukeraina,tukeraina,: adj =,reckless,spericolato,,,,
pakkuna,pakkuna,: adj =,red,rosso,,,,
pakku,pakku,: n =,red,rosso,,,,
seryesu,serjesu,: v =,reflect (intr.),riflettere (intr.),,,,
rettausu,rettausu,: v =,remember,ricordare,,,,
kieru,kieru,: n =,request,domanda,,,,
yoyaku,jojaku,: n =,reservation,prenotazione,,,,
tomiri,tomiri,: n =,rest,riposo,,,,
keskwa,keskwa,: n =,result,risultato,,,,
maisu,maisu,: v =,return,tornare,,,,
maesu,maesu,: v =,return (tr.),restituire,,,,
keinolmaisu,keinolmaisu,: v =,rewind,riavvolgere,,,,
konu,konu,: n =,rice,riso,,,,
konunakke,konunakke,: n =,rice bread,pane di riso,,,,
ra,ra,: n =,rice field,risaia,,,,
kenmodo,kenmodo,: n =,right,destra,,,,
atsami,aʦami,: adv =,right away,subito,,,,
koni,koni,: adv =,"right, exactly",proprio,,,,
tamu,tamu,: n =,ring,anello,,,,
sāri,saːri,: n =,river,fiume,,,,
tsoja,ʦoʤa,: n =,roof,tetto,,,,
taina,taina,: n =,room,stanza,,,,
take,take,: n =,room,sala,,,,
koshi,koʃi,: n =,rope,fune,,,,
meira,meira,: n =,rose,rosa,,,,
keilo,keilo,: n =,route,rotta,,,,
koibo,koibo,: n =,sack,sacco,,,,
anðennyasu,anʣeːn jasu,: adj =,Safe,sicuro,,,,
shelkya,ʃelkja,: n =,salad,insalata,鮮菜,,,
gohari,gohari,: n =,salt,sale,,,,
samuna,samuna,: adj =,same,stesso,,,,
jeisei,jeisei,: n =,satellite,satellite,,,,
tanma,tanma,: n =,scarf,sciarpa,,,,
kakkyo,kakkjo,: n =,school,scuola,,,,
bukasha,bukaʃa,: n =,scissors,forbici,,,,
charusu,ʧarusu,: v =,scratch away,grattare via,,,,
huhsu,huhsu,: v =,scream,urlare,,,,
gwamjen,gwamjen,: n =,screen,schermo,,,,
kutoo,kutoo,: n =,sea,mare,,,,
jwaseku,jwaseku,: n =,seat,sedile,,,,
panae,panae,: n =,seaweed,alga,,,,
hanolo,hano,: n =,seed,seme,,,,
[ess]+noissu,[ess]+noissu,: v =,seem,sembrare,,,,
itsi,iʦi,: n =,self,sé stesso,,,,
Soul,Soul,: n =,Seoul,Seoul,,,,
utsirsu,uʦirsu,: v =,separate (tr.),separare (tr.),,,,
irsu,irsu,: v =,serve,servire,,,,
doigi,doigi,: num =,seven,sette,,,,
ðoruna,ʣoruna,: adj =,severe,severo,,,,
hanpa,hanpa,: n =,shadow,ombra,,,,
narsasu,narsasu,: v =,shake,scuotere,,,,
hanna,hanna,: pron =,she,lei,,,,
katara,katara,: n =,shelf,mensola,,,,
nakirisu,nakirisu,: v =,shine,brillare,,,,
sāka,saːka,: n =,ship,nave,,,,
hamijue,hamiʤue,: n =,shoe,scarpa,,,,
inta,inta,: n =,shop,negozio,,,,
egaha,egaha,: n =,shoulder,spalla,,,,
sonukki,sonukki,: n =,shrimp,gamberetto,,,,
nukki,nukki,: n =,shrimp,gambero,,,,
nushi,nuʃi,: n =,side,lato,,,,
kushi,kuʃi,: n =,"side, position","lato, posizione",,,,
hankuri,hankuri,: n =,sigh,sospiro,,,,
shirubi,ʃirubi,: n =,"sign, indication","segno, indicazione",,,,
zahi,zahi,: n =,signal,segnale,,,,
munouttana,munouttana,: adj =,silent,tacente,,,,
hanamikena,hanamikena,: adj =,simple,semplice,,,,
tsonaha,ʦonaha,: num =,six,sei,,,,
kushi,kuʃi,: n =,skin,pelle,,,,
asuna,asuna,: n =,sky,cielo,,,,
asunahiro,asunahiro,: n =,sky blue,azzurro,,,,
pejui,peʤui,: n =,sled,slitta,,,,
wiran,wiran,: v =,sleeve,manica,,,,
shaninana,ʃaninana,: adj =,slimy,viscido,,,,
noke,noke,: n =,slope,pendio,,,,
narona,narona,: adj =,slow,lento,,,,
narobisu,narobisu,: v =,slow down,rallentare,,,,
nokunoku,nokunoku,: adv =,"slowly, lazily","lentamente, pigramente",,,,
kakuina,kakuina,: adj =,small,piccolo,,,,
kuppi,kuppi,: n =,small cup,coppetta,,,,
rintaha,rintaha,: n =,smile,sorriso,,,,
nasamina,nasamina,: adj =,smooth,liscio,,,,
njestoko,njestoko,: n =,snake,serpente,,,,
ðuni,ʣuni,: n =,snow,neve,,,,
ðuntasu,ʣuntasu,: v =,snow,nevicare,,,,
warana,warana,: adj =,soft,molle,,,,
funpana,funpana,: adj =,soft,morbido,,,,
doke,doke,: n =,soil,suolo,,,,
soiki,soiki,: adv =,somehow,in qualche modo,,,,
nagaki,nagaki,: pron =,someone,qualcuno,,,,
nashiki,naʃiki,: pron =,something,qualcosa,,,,
oimas,oimas,: adv =,sometimes,a volte,,,,
kamiki,kamiki,: adv =,somewhere,da qualche parte,,,,
juska,ʤuska,: n =,son,figlio,,,,
airi,airi,: n =,song,canzone,,,,
muno,muno,: n =,sound,suono,,,,
kija,kija,: n =,source,sorgente,,,,
shōyu,ʃoːju,: n =,soy sauce,salsa di soia,,,,
aki,aki,: n =,space,spazio,,,,
kaida,kaida,: n =,spade,spada,,,,
hunutti,hunutti,: n =,spark,scintilla,,,,
beittana,beittana,: adj =,sparse,rado,,,,
kocchi,kocchi,: n =,spray,spruzzo,,,,
kehas,kehas,: n =,spring,primavera,,,,
kikaro,kikaro,: n =,squirrel,scoiattolo,,,,
kichisu,kiʧisu,: v =,stand,stare in piedi,,,,
hanka,hanka,: n =,star,stella,,,,
kifusu,kifusu,: v =,start,partire,,,,
nakena,nakena,: adj =,steep,ripido,,,,
rimero,rimero,: n =,"steering wheel, helm","volante, timone",,,,
chakkajana,ʧakkaʤana,: adj =,sticky,appiccicoso,,,,
wīra,wiira,: conj =,still,ancora,,,,
Stokkuholmi,Stokkuholmi,: n =,Stockholm,Stoccolma,,,,
ponsoto,ponsoto,: n =,stomach,stomaco,,,,
patoro,patoro,: n =,stone,pietra,,,,
kastesu,kastesu,: v =,stop,interrompere,,,,
ohkedos,ohkedos,: n =,storm,temporale,,,,
uutona,u:tona,: adj =,strange,strano,,,,
bimatta,bimatta,: n =,strawberry,fragola,,,,
runka,runka,: n =,street,strada,,,,
dyentēn,djentēn,: n =,street lamp,lampione,,,,
tappeina,tappeina,: adj =,strict,stretto,,,,
tsunto,tsunto,: n =,stride,falcata,,,,
zhukkena,ʒukkena,: adj =,strong,forte,,,,
kaksei,kaksei,: n =,student,studente,,,,
solena,solena,: adj =,such,tale,,,,
rojaste,roʤaste,: adv =,suddenly,improvvisamente,,,,
satā,sataː,: n =,sugar,zucchero,,,,
maakkade,ma:kkade,: n =,suitcase,valigia,,,,
hipa,hipa,: n =,summer,estate,,,,
kwohe,kwohe,: n =,sun,sole,,,,
tsobune,ʦobune,: n =,sunrise,alba,,,,
shinaga,ʃinaga,: n =,sunset,tramonto,,,,
parmiste,parmiste,: n =,Surely,sicuramente,,,,
uni,uni,: n =,swamp,palude,,,,
kwatsi,kwaʦi,: n =,Sweet,dolce,,,,
alkawataba,alkawataba,: n =,sweet potato,patata dolce,,,,
funtwasu,funtwasu,: v =,swell,gonfiarsi,,,,
Siduniː,Siduniː,: n =,Sydney,Sydney,,,,
sawohi,sawohi,: n =,table,tavolo,,,,
noppo,noppo,: n =,table spoon,cucchiaio,,,,
rĪhi,riːhi,: n =,tail,coda,,,,
yukatan tettu,jukatan tettu,: adj =,taken for granted,dato per scontato,,,,
rilĪku,riliːku,: n =,takeoff,decollo,,,,
riljuku,riljuku,: n =,takeoff,decollo,,,,
cha,ʧa,: n =,tea,te,,,,
tsokke,ʦokke,: n =,tear,lacrima,,,,
Tehraːn,Tehraːn,: n =,Tehran,Tehran,,,,
kiba,kiba,: num =,ten,dieci,,,,
chona,ʧona,: n =,that,quello,,,,
kota,kota,: conj =,that (indirect speech),che (discorso indiretto),,,,
notta,notta,: pron =,"that, which, which","che, il quale, la quale",,,,
soaka,soaka,: adv =,the day after tomorrow,dopodomani,,,,
yue,jue,: adv =,then,allora,,,,
chare,ʧare,: conj =,therefore,quindi,,,,
hanni,hanni,: pron =,They,loro,,,,
nazu,nazu,: n =,thing,cosa,,,,
te,te,: n =,"thing, object","cosa, oggetto",,,,
inje,inʤe,: adv =,things like (after a verb in hypothetical form),cose come (dopo verbo in f. ipotetica),,,,
tona,tona,: n =,This,questo,,,,
komo,komo,: n =,this,codesto,,,,
woetto,wosetto,: adv =,this year,quest'anno,,,,
bon,bon,: n =,thousand,mille,,,,
shobe,ʃobe,: num =,Three,tre,,,,
donga,donga,: n =,thunder,tuono,,,,
ita,ita,: n =,thunder,tuono,,,,
taka,taka,: n =,time,tempo,,,,
taka,taka,: n =,time,volta,,,,
gaschuna,gasʧuna,: adj =,tiring,faticoso,,,,
tukososu,tukososu,: v =,to absorb,assorbirsi,,,,
ikurasu,ikurasu,: v =,to accumulate,accumulare,,,,
kosunosu,kosunosu,: v =,to act,agire,,,,
epagoesu,epagoesu,: v =,to add,aggiungere,,,,
ichasu,iʧasu,: v =,to advance,avanzare,,,,
binesu,binesu,: v =,to align,allinearsi,,,,
kadasu,kadasu,: v =,to arrive,arrivare,,,,
kieresu,kieresu,: v =,to ask,domandare,,,,
okasu,okasu,: v =,to attack,attaccare,,,,
paurasu,paurasu,: v =,to avoid,evitare,,,,
ritakusu,ritakusu,: v =,to bake,cuocere al forno,,,,
ossasu,ossasu,: v =,to be able to,riuscire,,,,
oryunsu,orjunsu,: v =,to be born,nascere,,,,
hikiesu,hikiesu,: v =,to be heard,sentirsi,,,,
sumisu,sumisu,: v =,to be hiddem,nascondersi,,,,
suhkasu,suhkasu,: v =,to be missing,mancare,,,,
munouttasu,munouttasu,: v =,to be silent,tacere,,,,
noisu,noisu,: v =,to be visible,vedersi,,,,
noisu,nonessu,: v =,to be visible,mostrare,,,,
hinurasu,hinurasu,: v =,to beam,odiare,,,,
mahsu,mahsu,: v =,to become,diventare,,,,
tsessosu,ʦessosu,: v =,to believe,credere,,,,
namisu,namisu,: v =,to blossom,sbocciare,,,,
nulesu,nulesu,: v =,to boast,vantare,,,,
soresu,soresu,: v =,to break,rompere (tr.),,,,
soreusu,soreusu,: v =,to break (intr),rompersi (intr),,,,
hankisu,hankisu,: v =,to breathe,respirare,,,,
ihmosu,ihmosu,: v =,to breathe in,inspirare,,,,
kukkasu,kukkasu,: v =,to bring,portare,,,,
dzukasu,ʣukasu,: v =,to browse,sfoɡliare,,,,
isomasu,isomasu,: v =,to build,costruire,,,,
moasu,moasu,: v =,to buy,comprare,,,,
nakosu,nakosu,: v =,to call,chiamare,,,,
kausu,kausu,: v =,to cancel oneself,cancellarsi,,,,
tsukasu,ʦukasu,: v =,to catch,acchiappare,,,,
puhansu,puhansu,: v =,to change,cambiare,,,,
surigusu,surigusu,: v =,to chase,rincorrere,,,,
korehasu,korehasu,: v =,to cheat,imbrogliare,,,,
nugisu,nugisu,: v =,to clean,pulire,,,,
horisu,horisu,: v =,to climb,arrampicarsi,,,,
tanawasu,tanawasu,: v =,to close,chiudersi,,,,
tanayasu,tanajasu,: v =,to close,chiudere,,,,
mezukasu,mezukasu,: v =,to collapse,collassare,,,,
happansu,happansu,: v =,to collide,scontrarsi,,,,
esu,esu,: v =,to come,venire,,,,
gakirosu,gakirosu,: v =,to come alive,animarsi,,,,
ogissu,ogissu,: v =,to complain,lamentarsi,,,,
wintosu,wintosu,: v =,to complete,completare,,,,
tawarasu,tawarasu,: v =,to confine,confinare,,,,
sonomulsu,sonomulsu,: v =,to convince,convincere,,,,
nebusu,nebusu,: v =,to cook,cucinare,,,,
niroeyasu,niroejasu,: v =,to cool (tr.),raffreddare (tr.),,,,
niroewasu,niroewasu,: v =,to cool down (intr.),raffreddarsi (intr.),,,,
tsohisu,ʦohisu,: v =,to cough,tossire,,,,
retsagesu,reʦagesu,: v =,to count,contare,,,,
ibesu,ibesu,: v =,to cover,coprire,,,,
tayasu,tajasu,: v =,to cross paths,incrociarsi,,,,
rakkesu,rakkesu,: v =,to crush,pestare,,,,
gewaisu,gewaisu,: v =,to cry,piangere,,,,
dagasu,dagasu,: v =,to cut,tagliare,,,,
yantsasu,janʦasu,: v =,to dance,danzare,,,,
kiyonosu,kijonosu,: v =,to demand,"pretendere, esigere",,,,
pinnasu,pinnasu,: v =,to desire,desiderare,,,,
tereosu,tereosu,: v =,to detach,staccare,,,,
nukorosu,nukorosu,: v =,to die,morire,,,,
shirosu,ʃirosu,: v =,to dig,scavare,,,,
menkisu,menkisu,: v =,to diminish,diminuire,,,,
hyānkyosu,hja:nkjosu,: v =,to direct,dirigere,,,,
mustesu,mustesu,: v =,to dirty,sporcare,,,,
tabirusu,tabirusu,: v =,"to discover, to unmask","scoprire, smascherare",,,,
kachasu,kaʧasu,: v =,to disperse,disperdersi,,,,
tesu,tesu,: v =,to do,fare,,,,
kaimasu,kaimasu,: v =,to draw,disegnare,,,,
eisu,eisu,: v =,to drink,bere,,,,
tohpansu,tohpansu,: v =,to drop,far cadere,,,,
manasu,manasu,: v =,to eat,mangiare,,,,
rindinsu,rindinsu,: v =,to echo,echeggiare,,,,
noissutasu,noissutasu,: v =,to engrave,incidere,,,,
itsasu,iʦasu,: v =,to enter,entrare,,,,
tohpasu,tohpasu,: v =,to fall,cadere,,,,
peritsesu,peritsesu,: v =,to falter,vacillare,,,,
ubeisu,ubeisu,: v =,to fear,temere,,,,
kannosu,kannosu,: v =,"to feel, to perceive","sentire, percepire",,,,
taselsu,taselsu,: v =,to fight,combattere,,,,
takoraisu,takoraisu,: v =,to fill,riempire,,,,
ononosu,ononosu,: v =,to find,trovare,,,,
sebusu,sebusu,: v =,to finish,finire,,,,
hoisu,hoisu,: v =,to float,far galleggiare,,,,
hosu,hosu,: v =,to float,galleggiare,,,,
nebosu,nebosu,: v =,to flow,scorrere,,,,
nulbisu,nulbisu,: v =,to fly,volare,,,,
nungasu,nungasu,: v =,to fold,piegare,,,,
riyasu,rijasu,: v =,to follow,seguire,,,,
karansu,karansu,: v =,to forgive,perdonare,,,,
wapasu,wapasu,: v =,to free (tr),liberare (tr),,,,
wapausu,wapausu,: v =,to free oneself (intr),liberarsi (intr),,,,
rikutsosu,rikuʦosu,: v =,to freeze,congelarsi,,,,
mabasu,mabasu,: v =,to fry,friggere,,,,
ucchasu,uʧʧasu,: v =,to get bored,stufarsi,,,,
rangansu,rangansu,: v =,to get caught,impigliarsi,,,,
haikanessu,haikanessu,: v =,to get closer,avvicinare,,,,
runausu,runausu,: v =,to get lost,perdersi,,,,
maleurasu,maleurasu,: v =,to get stressed,stressarsi,,,,
tashidosu,taʃidosu,: v =,to get up,alzarsi,,,,
tsotasu,ʦotasu,: v =,to give,dare,,,,
rebenosu,rebenosu,: v =,"to give in, to let pass","cedere, far passare",,,,
isu,isu,: v =,to go,andare,,,,
tagulsu,tagulsu,: v =,to go back up,risalire,,,,
raisasu,raisasu,: v =,to go out,uscire,,,,
aburesu,aburesu,: v =,to grant,concedere,,,,
subasu,subasu,: v =,to greet,salutare,,,,
hyānkisu,hja:nkisu,: v =,to head,dirigersi,,,,
hikesu,hikesu,: v =,to hear,sentire,,,,
ibasu,ibasu,: v =,to help,aiutare,,,,
sumesu,sumesu,: v =,to hide,nascondere,,,,
seosu,seosu,: v =,to hit,colpire,,,,
imisu,imisu,: v =,to hold,reggere,,,,
homusu,homusu,: v =,"to hold back, retain",trattenere,,,,
jingoasu,ʤingoasu,: v =,to hurt,ferire,,,,
irunessu,irunessu,: v =,to illuminate,illuminare,,,,
jirohasu,ʤirohasu,: v =,to include,includere,,,,
kankisu,kankisu,: v =,to increase,aumentare,,,,
kasteusu,kasteusu,: v =,to interrupt,interrompersi,,,,
hashisu,haʃisu,: v =,to invite,indicare,,,,
tsadosu,ʧadosu,: v =,to invite,invitare,,,,
lendonsu,lendonsu,: v =,to jump,saltare,,,,
sazoisu,sazoisu,: v =,to kill,uccidere,,,,
korosu,korosu,: v =,to knead,impastare,,,,
odensu,odensu,: v =,to know,conoscere,,,,
hahanasu,hahanasu,: v =,to laugh,ridere,,,,
ufuosu,ufuosu,: v =,to light,leggere,,,,
hĪsu,hiːsu,: v =,to listen,ascoltare,,,,
asahasu,asahasu,: v =,to live,vivere,,,,
paesu,paesu,: v =,to live,vivere,,,,
paikussu,paikussu,: v =,to locate,situare,,,,
erinosu,erinosu,: v =,to look at,riguardare,,,,
onosu,onosu,: v =,to look for,cercare,,,,
runasu,runasu,: v =,to lose,perdere,,,,
havisu,havisu,: v =,to lose (to be defeated),perdere (essere sconfitto),,,,
saisosu,saisosu,: v =,to love,amare,,,,
ugesu,ugesu,: v =,to make,realizzare/creare/fare,,,,
wirhesu,wirhesu,: v =,to make a mistake,sbagliare,,,,
ehtisu,ehtisu,: v =,to make it on time,fare in tempo,,,,
eizasu,eizasu,: v =,to mark,marcare,,,,
kinnosu,kinnosu,: v =,to measure,misurare,,,,
sakesu,sakesu,: v =,to meet,meet,,,,
sekoisu,sekoisu,: v =,to melt,sciogliersi,,,,
ritonsusu,ritonsusu,: v =,to mix,mescolare,,,,
ritonsuesu,ritonsuesu,: v =,to mix,mescolarsi,,,,
jikihasu,ʤikihasu,: v =,to move,spostarsi,,,,
nantausu,nantausu,: v =,to move away (intr),allontanarsi (intr),,,,
nantarsu,nantarsu,: v =,to move away (tr),allontanare (tr),,,,
kaguesu,kaguesu,: v =,to occupy,occupare,,,,
uzemesu,uzemesu,: v =,to ooze,colare,,,,
muiwasu,muiwasu,: v =,to open,aprirsi,,,,
muiyasu,muijasu,: v =,to open,aprire,,,,
nikoresu,nikoresu,: v =,to overcome,superare,,,,
pukesu,pukesu,: v =,to overcome,superare,,,,
sadefusu,sadefusu,: v =,to overlap,sovrapporsi,,,,
telkesu,telkesu,: v =,to overtake,sorpassare,,,,
kichoarsu,kiʧoarsu,: v =,to paint,pitturare,,,,
harasu,harasu,: v =,to parry,parare,,,,
peruyasu,perujasu,: v =,to pass (intr.),passare (intr.),,,,
peruwasu,peruwasu,: v =,to pass (tr.),passare (tr.),,,,
puchoasu,puʧoasu,: v =,to paste,incollare,,,,
istosu,istosu,: v =,to pay,pagare,,,,
ollakisu,ollakisu,: v =,to perceive,percepire,,,,
jĪssu,ʤiːssu,: v =,to press,premere,,,,
abusu,abusu,: v =,"to pretend, to fake",fingere,,,,
piraisu,piraisu,: v =,to proceed,procedere,,,,
tsuruasu,ʦuruasu,: v =,to protect,proteggere,,,,
hengosu,hengosu,: v =,to Pull,tirare,,,,
tyosu,tjosu,: v =,to push,spingere,,,,
gindasu,gindasu,: v =,to put,mettere,,,,
paralsu,paralsu,: v =,to put together,mettere insieme,,,,
okaesu,okaesu,: v =,to put/support,mettere/appoggiare,,,,
pillasu,pillasu,: v =,to raise,alzare,,,,
idarsu,idarsu,: v =,to reach,raggiungere,,,,
rihosu,rihosu,: v =,to reach out,"tendere, allungare",,,,
kinosu,kinosu,: v =,to realize,rendersi conto,,,,
adekasu,adekasu,: v =,to receive,ricevere,,,,
teichorasu,teiʧorasu,: v =,to recover,recuperare,,,,
serwesu,serwesu,: v =,to reflect (tr.),riflettere (tr.),,,,
horomosu,horomosu,: v =,to rejoice,gioire,,,,
mikasu,mikasu,: v =,to remain,rimanere,,,,
hindosu,hindosu,: v =,to remove,togliere,,,,
togosu,togosu,: v =,to remove,rimuovere,,,,
kyubasu,kjubasu,: v =,to repair,riparare,,,,
amasu,amasu,: v =,to report,riferire,,,,
rihtanavusu,rihtanavusu,: v =,to report,denunciare,,,,
ryuchitta,rjuʧitta,: n =,to report,lontra,,,,
kakedesu,kakedesu,: v =,to resemble,assomigliare,,,,
tomisu,tomisu,: v =,to rest,riposare,,,,
tsorasu,ʧorasu,: v =,to return,restituire,,,,
toeyasu,toejasu,: v =,to ride,cavalcare,,,,
zhehkasu,ʒehkasu,: v =,to rip,strappare,,,,
zhehkausu,ʒehkausu,: v =,to rip,strapparsi,,,,
yukasu,jukasu,: v =,to rip,pensare,,,,
tandabasu,tandabasu,: v =,to roll,rotolare,,,,
kenchōsu,kenʧoːsu,: v =,to roll up,arrotolare,,,,
kurisu,kurisu,: v =,to roll up,arrotolare,,,,
minbaesu,minbaesu,: v =,to rotate,ruotare,,,,
tederissu,tederissu,: v =,to rub,strofinare,,,,
rigusu,rigusu,: v =,to run,correre,,,,
tosu,tosu,: v =,to say,dire,,,,
nosu,nosu,: v =,to see,vedere,,,,
ronosu,ronosu,: v =,to send,inviare,,,,
utsissu,uʦissu,: v =,to separate (intr.),separarsi (intr.),,,,
nottosorisu,nottosorisu,: v =,to sew,cucire,,,,
unedasu,unedasu,: v =,to shatter,frantumare,,,,
unedausu,unedausu,: v =,to shatter,frantumarsi,,,,
azesu,azesu,: v =,to shave,rasare,,,,
kiginsu,kiginsu,: v =,to shine,luccicare,,,,
aisu,aisu,: v =,to sing,cantare,,,,
noresu,noresu,: v =,to sink,far affondare,,,,
norisu,norisu,: v =,to sink,affondare,,,,
jokkāsu,ʤokkaasu,: v =,to sit,sedersi,,,,
paikwassu,paikwassu,: v =,to situate oneself,situarsi,,,,
lumasu,lumasu,: v =,to sleep,dormire,,,,
hobonsu,hobonsu,: v =,to smell,odorare,,,,
rinusu,rinusu,: v =,to smile,sorridere,,,,
shahhachasu,ʃahhaʧasu,: v =,to sneeze,starnutire,,,,
rihtasu,rihtasu,: v =,to speak,parlare,,,,
sohpusu,sohpusu,: v =,to spit,sputare,,,,
yakkasu,jakkasu,: v =,to split,dividere,,,,
ichemasu,ichemasu,: v =,to stack up,impilarsi,,,,
noribesu,noribesu,: v =,to stare,fissare con lo sguardo,,,,
gengabosu,gengabosu,: v =,to start,cominciare,,,,
pwikausu,pwikausu,: v =,to start,iniziare,,,,
obasu,obasu,: v =,to stay,stare,,,,
uteposu,uteposu,: v =,to steal,rubare,,,,
ungisu,ungisu,: v =,to stir fry,saltare in padella,,,,
sharusu,ʃarusu,: v =,to stop,fermare,,,,
sharwosu,ʃaruswosu,: v =,to stop,fermarsi,,,,
nabisu,nabisu,: v =,to stretch,allungare,,,,
nabiusu,nabiusu,: v =,to stretch out,allungarsi,,,,
oppisu,oppisu,: v =,to study,studiare,,,,
chusshisu,ʧuʃʃisu,: v =,to suck,succhiare,,,,
tsusshisu,ʧuʃʃisu,: v =,to suck,succhiare,,,,
raikaisu,raikaisu,: v =,to surround,circondare,,,,
emirasu,emirasu,: v =,to swim,nuotare,,,,
teisu,teisu,: v =,to take,prendere,,,,
hakasu,hakasu,: v =,to take (transport),take (transport),,,,
yodonosu,jodonosu,: v =,to taste,assaggiare,,,,
hagiuhsu,hagiuhsu,: v =,to teach,insegnare,,,,
olbikusu,olbikusu,: v =,"to tend, to have the tendency to","tendere, avere la tendenza di",,,,
yosu,josu,: v =,to think,essere,,,,
tsoriosu,tsoriosu,: v =,to throw,lanciare,,,,
nahtesu,nahtesu,: v =,to tie up,allacciare,,,,
denasu,denasu,: v =,to touch,toccare,,,,
koristasu,koristasu,: v =,to touch,sfiorare,,,,
numersu,numersu,: v =,to tow,trainare,,,,
kuzusu,kuzusu,: v =,to transport,trasportare,,,,
māgasu,maːgasu,: v =,to travel,viaggiare,,,,
marawasu,marawasu,: v =,to tremble,tremare,,,,
sogyusu,sogjusu,: v =,to turn off (intr.),spegnersi (intr.),,,,
jakaisu,ʤakaisu,: v =,to turn on,accendere,,,,
mukeminsu,mukeminsu,: adv =,to turn to,rivolgersi,,,,
mukesu,mukesu,: v =,to turn toward,porgere,,,,
shigosu,ʃigosu,: v =,to understand,capire,,,,
razausu,razausu,: v =,to untie oneself,slegarsi,,,,
ematsosu,emaʦosu,: v =,to vanish,svanire,,,,
nijekisu,niʤekisu,: v =,to wait,aspettare,,,,
shogusu,ʃogusu,: v =,to walk,camminare,,,,
jibesu,ʤibesu,: v =,to wash,lavare,,,,
ainosu,ainosu,: v =,to watch,guardare,,,,
tapuisu,tapuisu,: n =,to wear,vestire,,,,
igisu,igisu,: v =,to win,vincere,,,,
olkosu,olkosu,: v =,to work,lavorare,,,,
keinolsu,keinolsu,: v =,to wrap,avvolgere,,,,
ozasu,ozasu,: v =,to write,scrivere,,,,
āngausu,aːngausu,: v =,to yawn,sbadigliare,,,,
lattasuwa,lattasuwa,: n =,toad,rospo,,,,
engai,Engai,: adv =,Today,oggi,,,,
serato,serato,: adv =,Together,insieme,,,,
akae,akae,: adv =,Tomorrow,domani,,,,
nehkeu,nehkeu,: adv =,too,troppo,,,,
ipa,ipa,: n =,tooth,dente,,,,
dyensha,djenʃa,: n =,train,treno,,,,
sayo,sajo,: n =,tree,albero,,,,
sundoe,sundoe,: n =,trunk,tronco,,,,
ronnu,ronnu,: n =,trunk,tronco,,,,
[sit.]+nosu,[sit.]+nosu,: v =,try to,provare a,,,,
hatso,haʦo,: n =,tuna,tonno,,,,
kyonga,kjonga,: n =,turkey,tacchino,,,,
sogisu,sogisu,: v =,turn off (tr.),spegnere (tr.),,,,
umasa,umasa,: n =,turnip,rapa,,,,
shimoro,ʃimoro,: n =,turtle,tartaruga,,,,
kana,kana,: num =,two,due,,,,
takwi,takwi,: n =,type,tipo,,,,
epamuina,epamuina,: adj =,uncomfortable,scomodo,,,,
teano,teano,: n =,under,sotto,,,,
daigaku,daigaku,: n =,university,università,,,,
aste,aste,: adv =,until,fino,,,,
reskori,reskori,: n =,uproar,confusione,,,,
naihi,naihi,: n =,us,noi,,,,
asoara,asoara,: n =,vase,vaso,,,,
un,un,: inter =,verbal suffix that expresses doubt,suffisso verbale che esprime dubbio,,,,
sumata,sumata,: n =,vertical,verticale,,,,
boi,boi,: adv =,Very,molto,,,,
nanti,nanti,: adv =,very quietly,piano piano,,,,
raso,raso,: n =,vice,vizio,,,,
nori,nori,: n =,view,vista,,,,
tashi,taʃi,: n =,village,villaggio,,,,
hantoro,hantoro,: n =,viola,viola,,,,
nimuno,nimuno,: n =,voice,voce,,,,
maːkka,maːkka,: n =,voyage,viaggio,,,,
ekkesu,ekkesu,: v =,wake up,svegliare,,,,
ekkeusu,ekkeusu,: v =,wake up,svegliarsi,,,,
jui,ʤui,: n =,wall,muro,,,,
ʣaifu,ʣaifu,: n =,wallet,portafoglio,,,,
ginchau,ginʧau,: n =,walnuts,noce,,,,
jama,jama,: n =,warehouse,magazzino,,,,
lamina,lamina,: adj =,warm,tiepido,,,,
Warshawa,Warʃawa,: n =,Warsaw,Varsavia,,,,
miwa,miwa,: n =,water,acqua,,,,
ēhina,eːhina,: n =,waterfall,cascata,,,,
wassaji,wassaʤi,: n =,watermelon,anguria,,,,
moigon,moigon,: n =,wave,onda,,,,
abajina,abaʤina,: adj =,weak,debole,,,,
sugosu,sugosu,: v =,wear,indossare,,,,
nujanme,nuʤanme,: n =,week,settimana,,,,
seji,seʤi,: n =,well,pozzo,,,,
funnai,funnai,: n =,well,pozzo,,,,
nundana,nundana,: adj =,wet,bagnato,,,,
shihkama,ʃihkama,: n =,whale,balena,,,,
kirago,kirago,: n =,wharf,molo,,,,
nashi,naʃi,: conj =,what (inter.),cosa,,,,
estin,estin,: adv =,When,quando,,,,
iroi,iroi,: conj =,when (relative),when (relative),,,,
okea,okea,: conj =,when (relative),when (relative),,,,
kami,kami,: conj =,Where,dove,,,,
V.[str. stem]+okomi,okomi,: adv =,While,mentre,,,,
tsazasu,ʦazasu,: v =,whisper,sussurrare,,,,
chara,ʧara,: n =,white,bianco,,,,
naga,naga,: conj =,Who,chi,,,,
nagatsas,nagaʦas,: pron =,whoever,chiunque,,,,
tuki,tuki,: adj =,whole (suffix),intero (suffisso),,,,
naki,naki,: conj =,Why,perché,,,,
nuskana,nuskana,: adj =,wide,largo,,,,
kuribeppise,kuribeppise,: n =,wig,parrucca,,,,
nanda,nanda,: n =,wind,vento,,,,
teka,teka,: n =,window,finestra,,,,
jaeka,ʤaeka,: n =,wing,ala,,,,
talpi,talpi,: n =,winter,inverno,,,,
pinni,pinni,: n =,wish,desiderio,,,,
makusei,makusei,: n =,wisteria,glicine,,,,
huulitante,huulitante,: adv =,with nonchalance,con non chalance,,,,
hobunte,hobunte,: adv =,without thinking about it,senza pensarci,,,,
tsaikis,ʦaikis,: n =,wolf,lupo,,,,
idano,idano,: n =,woods,bosco,,,,
namuta,namuta,: n =,word,parola,,,,
olki,olki,: n =,Work,lavoro,,,,
nyeri,njeri,: n =,worm,verme,,,,
huuli,huuli,: n =,worry,preoccupazione,,,,
erasu,erasu,: n =,wound,ferita,,,,
poniuka,poniuka,: n =,wrist,polso,,,,
ponikkitaka,ponikkitaka,: n =,wristwatch,orologio da polso,,,,
wose,wose,: n =,year,anno,,,,
tsuka,ʦuka,: n =,yellow,giallo,,,,
kenau,kenau,: adv =,Yesterday,ieri,,,,
saihi,saihi,: n =,you,voi,,,,
saiga,saiga,: n =,you (honorific),tu (onorifico),,,,
sai,sai,: n =,you (informal),tu (informale),,,,
panana,panana,: adj =,young,giovane,,,,
hatta,hatta,: num =,one,uno,,,,
kana,kana,: num =,two,due,,,,
shobe,ʃobe,: num =,Three,tre,,,,
tās,ta:s,: num =,four,quattro,,,,
oriba,oriba,: num =,five,cinque,,,,
tsonaha,ʦonaha,: num =,six,sei,,,,
doigi,doigi,: num =,seven,sette,,,,
yeison,yeison,: num =,eight,otto,,,,
taguken,taguken,: num =,nine,nove,,,,
kiba,kiba,: num =,ten,dieci,,,,
taska,taska,: n =,pocket,tasca,,,,